\c cdr;
INSERT INTO external_client (number) VALUES
                                         ('79223332502'),
                                         ('79213232503'),
                                         ('79263732504'),
                                         ('79323238505'),
                                         ('79263372506'),
                                         ('79223337707'),
                                         ('79223366602'),
                                         ('79622333502'),
                                         ('79229932572'),
                                         ('79223032002');

INSERT INTO internal_client (number) VALUES
                                         ('79034794056'),
                                         ('79034494656'),
                                         ('79132794556'),
                                         ('79037790056'),
                                         ('79043946056'),
                                         ('79094799096'),
                                         ('79132794856'),
                                         ('79637799056'),
                                         ('79737754956'),
                                         ('79024734086');

\c brt;
INSERT INTO client (phone_number, name, balance, tariff_id) VALUES
                                                                ('79034794056', 'Albina', 123, 11),
                                                                ('79034494656', 'Egor', 500, 12),
                                                                ('79132794556', 'Elizabeth', 562, 11),
                                                                ('79037790056', 'Daria', 783, 12),
                                                                ('79043946056', 'Polina', 200, 12),
                                                                ('79094799096', 'Ilya', 300, 12),
                                                                ('79132794856', 'Maria', 50, 11),
                                                                ('79637799056', 'Anna', 400, 11),
                                                                ('79737754956', 'Andrey', 732, 12),
                                                                ('79024734086', 'Artem', 365, 11);



